City,Hospital_ID,Hospital_Name,Distance_km,Total_Doctors,Total_Beds,Available_Beds,Contact_Number,Email,Location,Latitude,Longitude
Chandigarh,CHA_HOSP_001,Chandigarh City Hospital 1,11.07,29,128,44,+91-7664120158,chandigarh_city_hospital_1@health.org,Chandigarh Sector-58,30.731866309874725,76.76883999709345
Chandigarh,CHA_HOSP_002,Chandigarh City Hospital 2,1.74,85,186,6,+91-7481198823,chandigarh_city_hospital_2@health.org,Chandigarh Sector-13,30.73573327761192,76.7949797644274
Chandigarh,CHA_HOSP_003,Chandigarh City Hospital 3,19.38,48,153,60,+91-7446060081,chandigarh_city_hospital_3@health.org,Chandigarh Sector-31,30.749279592898134,76.76789197920856
Chandigarh,CHA_HOSP_004,Chandigarh City Hospital 4,7.84,93,281,183,+91-7891761675,chandigarh_city_hospital_4@health.org,Chandigarh Sector-52,30.747226988967544,76.76016821637377
Chandigarh,CHA_HOSP_005,Chandigarh City Hospital 5,17.83,82,202,80,+91-8358809440,chandigarh_city_hospital_5@health.org,Chandigarh Sector-49,30.738898347214242,76.79401080160063
Chandigarh,CHA_HOSP_006,Chandigarh City Hospital 6,13.31,82,198,143,+91-9599321704,chandigarh_city_hospital_6@health.org,Chandigarh Sector-3,30.734948235674402,76.76314203181046
Chandigarh,CHA_HOSP_007,Chandigarh City Hospital 7,4.91,62,292,60,+91-7337121676,chandigarh_city_hospital_7@health.org,Chandigarh Sector-21,30.714282620179688,76.78962244573583
Chandigarh,CHA_HOSP_008,Chandigarh City Hospital 8,20.46,33,140,48,+91-8828954736,chandigarh_city_hospital_8@health.org,Chandigarh Sector-54,30.74299497767687,76.7982837062912
Chandigarh,CHA_HOSP_009,Chandigarh City Hospital 9,9.99,65,216,34,+91-8681914277,chandigarh_city_hospital_9@health.org,Chandigarh Sector-49,30.715911221550467,76.78789089070052
Chandigarh,CHA_HOSP_010,Chandigarh City Hospital 10,10.54,75,28,16,+91-8338916745,chandigarh_city_hospital_10@health.org,Chandigarh Sector-41,30.747562703717833,76.7736979419942
Ludhiana,LUD_HOSP_001,Ludhiana City Hospital 1,6.9,48,230,59,+91-8873621866,ludhiana_city_hospital_1@health.org,Ludhiana Sector-7,30.90831029680372,75.83899477766116
Ludhiana,LUD_HOSP_002,Ludhiana City Hospital 2,7.13,98,69,12,+91-8238058688,ludhiana_city_hospital_2@health.org,Ludhiana Sector-26,30.887789415743487,75.84239752833409
Ludhiana,LUD_HOSP_003,Ludhiana City Hospital 3,9.4,83,256,57,+91-7198753566,ludhiana_city_hospital_3@health.org,Ludhiana Sector-2,30.91489225413718,75.85687325910828
Ludhiana,LUD_HOSP_004,Ludhiana City Hospital 4,21.38,10,89,24,+91-7536623966,ludhiana_city_hospital_4@health.org,Ludhiana Sector-13,30.904273350002345,75.87155912083962
Ludhiana,LUD_HOSP_005,Ludhiana City Hospital 5,6.82,98,113,80,+91-7929074573,ludhiana_city_hospital_5@health.org,Ludhiana Sector-14,30.912380773114844,75.86054865998591
Ludhiana,LUD_HOSP_006,Ludhiana City Hospital 6,4.69,87,197,147,+91-8689065437,ludhiana_city_hospital_6@health.org,Ludhiana Sector-52,30.891712160088527,75.85221863821394
Ludhiana,LUD_HOSP_007,Ludhiana City Hospital 7,9.12,11,152,139,+91-8769787007,ludhiana_city_hospital_7@health.org,Ludhiana Sector-24,30.918950088890373,75.87692316056012
Ludhiana,LUD_HOSP_008,Ludhiana City Hospital 8,7.3,19,254,14,+91-8722832992,ludhiana_city_hospital_8@health.org,Ludhiana Sector-25,30.89798645169015,75.87251644225466
Ludhiana,LUD_HOSP_009,Ludhiana City Hospital 9,22.7,78,166,46,+91-7358330012,ludhiana_city_hospital_9@health.org,Ludhiana Sector-59,30.909175641385286,75.85425684431513
Ludhiana,LUD_HOSP_010,Ludhiana City Hospital 10,3.34,89,144,35,+91-7146199269,ludhiana_city_hospital_10@health.org,Ludhiana Sector-39,30.888761866243208,75.86270003362289
Amritsar,AMR_HOSP_001,Amritsar City Hospital 1,14.47,39,171,146,+91-9218708081,amritsar_city_hospital_1@health.org,Amritsar Sector-21,31.642268276681175,74.88457517894973
Amritsar,AMR_HOSP_002,Amritsar City Hospital 2,14.24,99,144,88,+91-9134972920,amritsar_city_hospital_2@health.org,Amritsar Sector-44,31.65046053484346,74.8890362065715
Amritsar,AMR_HOSP_003,Amritsar City Hospital 3,22.54,60,119,68,+91-7992793782,amritsar_city_hospital_3@health.org,Amritsar Sector-5,31.64433833396669,74.86881785685831
Amritsar,AMR_HOSP_004,Amritsar City Hospital 4,15.88,94,265,127,+91-7530675445,amritsar_city_hospital_4@health.org,Amritsar Sector-8,31.651673980808553,74.85397193165059
Amritsar,AMR_HOSP_005,Amritsar City Hospital 5,20.56,56,47,17,+91-7540850578,amritsar_city_hospital_5@health.org,Amritsar Sector-3,31.64725690660681,74.85814743427319
Amritsar,AMR_HOSP_006,Amritsar City Hospital 6,23.6,40,128,51,+91-7087350325,amritsar_city_hospital_6@health.org,Amritsar Sector-57,31.645302399153206,74.87373738553663
Amritsar,AMR_HOSP_007,Amritsar City Hospital 7,3.26,57,41,35,+91-8483265701,amritsar_city_hospital_7@health.org,Amritsar Sector-28,31.634972321938417,74.87776986725939
Amritsar,AMR_HOSP_008,Amritsar City Hospital 8,18.3,11,123,119,+91-7010361925,amritsar_city_hospital_8@health.org,Amritsar Sector-23,31.63242209718184,74.89129739617361
Amritsar,AMR_HOSP_009,Amritsar City Hospital 9,20.07,59,153,0,+91-9998034034,amritsar_city_hospital_9@health.org,Amritsar Sector-55,31.64305558342522,74.87769218089522
Amritsar,AMR_HOSP_010,Amritsar City Hospital 10,8.32,80,280,273,+91-8233797357,amritsar_city_hospital_10@health.org,Amritsar Sector-31,31.619956259626,74.86706624574505
Patiala,PAT_HOSP_001,Patiala City Hospital 1,28.63,83,259,184,+91-7266975633,patiala_city_hospital_1@health.org,Patiala Sector-44,30.354999907573077,76.40040666111942
Patiala,PAT_HOSP_002,Patiala City Hospital 2,26.99,60,95,1,+91-8331702784,patiala_city_hospital_2@health.org,Patiala Sector-55,30.326884815392674,76.3996039378368
Patiala,PAT_HOSP_003,Patiala City Hospital 3,16.7,21,229,11,+91-7736892443,patiala_city_hospital_3@health.org,Patiala Sector-41,30.340758659167477,76.36817005082459
Patiala,PAT_HOSP_004,Patiala City Hospital 4,19.56,59,54,29,+91-9952259358,patiala_city_hospital_4@health.org,Patiala Sector-60,30.334754330653812,76.38991533522058
Patiala,PAT_HOSP_005,Patiala City Hospital 5,15.97,80,88,83,+91-9513318858,patiala_city_hospital_5@health.org,Patiala Sector-44,30.347089078860183,76.37512542755023
Patiala,PAT_HOSP_006,Patiala City Hospital 6,9.27,68,98,13,+91-9839627543,patiala_city_hospital_6@health.org,Patiala Sector-47,30.331163264799528,76.38927550822986
Patiala,PAT_HOSP_007,Patiala City Hospital 7,23.85,98,99,62,+91-8865960607,patiala_city_hospital_7@health.org,Patiala Sector-25,30.356386079285112,76.39849021355072
Patiala,PAT_HOSP_008,Patiala City Hospital 8,12.98,46,299,61,+91-8226353273,patiala_city_hospital_8@health.org,Patiala Sector-29,30.35713078117523,76.37131591807766
Patiala,PAT_HOSP_009,Patiala City Hospital 9,5.82,47,91,24,+91-7526316134,patiala_city_hospital_9@health.org,Patiala Sector-11,30.352628281902657,76.39689088577609
Patiala,PAT_HOSP_010,Patiala City Hospital 10,6.31,98,146,141,+91-7179485716,patiala_city_hospital_10@health.org,Patiala Sector-18,30.358674128772073,76.39014102436136
Mohali,MOH_HOSP_001,Mohali City Hospital 1,18.04,55,187,131,+91-9024046517,mohali_city_hospital_1@health.org,Mohali Sector-30,30.70006996493072,76.70889916285411
Mohali,MOH_HOSP_002,Mohali City Hospital 2,13.35,12,168,13,+91-9942130644,mohali_city_hospital_2@health.org,Mohali Sector-24,30.699419252140643,76.70465681601556
Mohali,MOH_HOSP_003,Mohali City Hospital 3,21.81,72,91,10,+91-8470608008,mohali_city_hospital_3@health.org,Mohali Sector-25,30.703053697137317,76.73325398571315
Mohali,MOH_HOSP_004,Mohali City Hospital 4,28.62,86,46,10,+91-9125149652,mohali_city_hospital_4@health.org,Mohali Sector-46,30.72315760504688,76.72649337553254
Mohali,MOH_HOSP_005,Mohali City Hospital 5,6.69,44,160,3,+91-8877341956,mohali_city_hospital_5@health.org,Mohali Sector-27,30.68962638136555,76.73766436530136
Mohali,MOH_HOSP_006,Mohali City Hospital 6,22.8,90,95,18,+91-7779681965,mohali_city_hospital_6@health.org,Mohali Sector-49,30.695569294690284,76.73460097247533
Mohali,MOH_HOSP_007,Mohali City Hospital 7,6.63,82,182,115,+91-9588230156,mohali_city_hospital_7@health.org,Mohali Sector-16,30.70348212785817,76.69973407084622
Mohali,MOH_HOSP_008,Mohali City Hospital 8,24.69,93,225,118,+91-7043087849,mohali_city_hospital_8@health.org,Mohali Sector-4,30.699365980006096,76.7026716297598
Mohali,MOH_HOSP_009,Mohali City Hospital 9,10.59,31,263,145,+91-7275543392,mohali_city_hospital_9@health.org,Mohali Sector-7,30.713402449126594,76.7359749122157
Mohali,MOH_HOSP_010,Mohali City Hospital 10,16.15,20,194,162,+91-8023556254,mohali_city_hospital_10@health.org,Mohali Sector-60,30.68926734425315,76.7133979550566
